Quote,Source,Link,RQ,Q,Question
"The installation is difficult/impossible without the intervention of a developer.","Capterra – Appcues (Anthony P., Head of Product Marketing)","https://www.capterra.com/p/139216/Appcues/reviews/#:~:text=installation%20is%20difficult%2Fimpossible","R2","Q13","What do users of Pendo, Appcues, and Optimizely complain about in reviews?"
"The implementation required us to hire JS developers. It was lengthy and confusing to set up.","UserGuiding – Appcues user reviews","https://userguiding.com/blog/appcues-reviews#:~:text=implementation%20required%20us%20to%20hire","R2","Q13","What do users of Pendo, Appcues, and Optimizely complain about in reviews?"
"I also didn't like that we had to integrate with a third party to get deeper analytics about our users.","Capterra – Appcues (Alan S., Project Manager)","https://www.capterra.com/p/139216/Appcues/reviews/#:~:text=integrate%20with%20a%20third%20party","R2","Q13","What do users of Pendo, Appcues, and Optimizely complain about in reviews?"
"The user reporting is a little weak, definitely more focus is on the design and building side.","Capterra – Appcues (VP of Product)","https://www.capterra.com/p/139216/Appcues/reviews/#:~:text=user%20reporting%20is%20a%20little%20weak","R2","Q13","What do users of Pendo, Appcues, and Optimizely complain about in reviews?"
"For complex apps, users often need the help of a frontend engineer to troubleshoot flows.","UserPilot – Appcues overview","https://userpilot.com/blog/what-is-appcues-overview-features/#:~:text=frontend%20engineer%20to%20troubleshoot","R2","Q13","What do users of Pendo, Appcues, and Optimizely complain about in reviews?"
"It can often require development of the product to meet what Appcues needs.","UserGuiding – Appcues reviews","https://userguiding.com/blog/appcues-reviews#:~:text=require%20development%20of%20the%20product","R2","Q13","What do users of Pendo, Appcues, and Optimizely complain about in reviews?"
"Not enough customization options to match brand design without resorting to coding and CSS/HTML.","G2 – Appcues","https://www.g2.com/products/appcues/reviews#:~:text=resorting%20to%20coding%20and%20CSS","R2","Q13","What do users of Pendo, Appcues, and Optimizely complain about in reviews?"
"Complex targeting or segmentation can sometimes feel limited without deeper integrations or custom events.","UserGuiding – Appcues reviews","https://userguiding.com/blog/appcues-reviews#:~:text=targeting%20or%20segmentation%20can%20sometimes%20feel%20limited","R2","Q13","What do users of Pendo, Appcues, and Optimizely complain about in reviews?"
"Connecting goal completions across multiple journeys or building proper funnels just isn't possible in Appcues.","UserTourKit – Real cost of Appcues","https://usertourkit.com/blog/real-cost-appcues-10000-mau-saas#:~:text=Connecting%20goal%20completions","R2","Q13","What do users of Pendo, Appcues, and Optimizely complain about in reviews?"
"You can't run A/B tests on onboarding flows. No Salesforce or Slack integrations. Custom CSS? Locked out.","UserTourKit – Real cost of Appcues","https://usertourkit.com/blog/real-cost-appcues-10000-mau-saas#:~:text=can%27t%20run%20A%2FB%20tests","R2","Q11","What are the documented limitations of A/B testing as a UX optimization approach?"
"It takes them more than a few days to figure out how they can use the product.","ProductFruits – Pendo vs Appcues ROI","https://productfruits.com/blog/productfruits-vs-appcues-vs-pendo-roi#:~:text=more%20than%20a%20few%20days","R2","Q13","What do users of Pendo, Appcues, and Optimizely complain about in reviews?"
"Pendo's in-app guides lack deep UI customization, making it harder to match branding needs.","SimpleAnalytics – Pendo Review 2025","https://www.simpleanalytics.com/resources/analytics-review/pendo-review-and-a-better-alternative#:~:text=lack%20deep%20UI%20customization","R2","Q13","What do users of Pendo, Appcues, and Optimizely complain about in reviews?"
"Pendo G2 top complaint categories: Missing Features (67 mentions), Limitations (63), Learning Curve (59), Steep Learning Curve (47), Data Inaccuracy (44).","G2 – Pendo aggregate review data","https://www.g2.com/products/pendo-io-pendo/reviews","R2","Q13","What do users of Pendo, Appcues, and Optimizely complain about in reviews?"
"Connecting the platform to an existing tech stack takes careful setup and maintenance — teams without engineering support struggle to manage long-term integrations.","Personizely – Optimizely review","https://www.personizely.net/blog/optimizely-reviews#:~:text=Connecting%20the%20platform%20to%20an%20existing","R2","Q13","What do users of Pendo, Appcues, and Optimizely complain about in reviews?"
"For smaller teams, many features remain unused, and the total cost becomes difficult to justify without engineering resources to assist with implementation.","Personizely – Optimizely review","https://www.personizely.net/blog/optimizely-reviews#:~:text=many%20features%20remain%20unused","R2","Q13","What do users of Pendo, Appcues, and Optimizely complain about in reviews?"
"A basic understanding of coding is often necessary to fully leverage its capabilities.","Personizely – Optimizely review","https://www.personizely.net/blog/optimizely-reviews#:~:text=basic%20understanding%20of%20coding","R2","Q13","What do users of Pendo, Appcues, and Optimizely complain about in reviews?"
"LaunchDarkly is code-based — teams must determine whether to take feature flag calls to LaunchDarkly after the code is released.","Configu – LaunchDarkly limitations","https://configu.com/blog/launchdarkly-key-features-pricing-limitations-alternatives/#:~:text=code-based","R2","Q13","What do users of Pendo, Appcues, and Optimizely complain about in reviews?"
"Advanced setups like event-based triggers or complex segmentation can still require developer involvement, which slows down teams that want to move quickly.","UserGuiding – Appcues reviews","https://userguiding.com/blog/appcues-reviews#:~:text=event-based%20triggers%20or%20complex%20segmentation","R2","Q15","What workarounds do PMs and designers use when they can't get engineering time for UI changes?"
"While the tool is fantastic, the price can be a bit high for smaller teams or companies that are just starting out.","UserGuiding – Appcues reviews","https://userguiding.com/blog/appcues-reviews#:~:text=price%20can%20be%20a%20bit%20high","R3","Q22","What do users say about value-for-money on G2 reviews of these tools?"
"Pendo pricing range: $25,800–$132,400/year. Average annual contract: $47,330 (Vendr, 2024 data).","Vendr – Appcues/Pendo pricing marketplace","https://www.vendr.com/marketplace/appcues","R3","Q17","What do Pendo, Appcues, Optimizely, and Dynamic Yield publicly charge for mid-market plans?"
"Pendo Base plan annual quote reported as $30,000–$35,000/year for typical configurations.","Featurebase – Pendo pricing analysis","https://www.featurebase.app/blog/pendo-pricing#:~:text=%2430%2C000%20annual%20quote","R3","Q17","What do Pendo, Appcues, Optimizely, and Dynamic Yield publicly charge for mid-market plans?"
"$10,000/month ($120,000 annually) with a 3-year mandatory commitment (community-reported).","UserPilot – Pendo pricing","https://userpilot.com/blog/pendo-pricing/#:~:text=120%2C000%20annually","R3","Q17","What do Pendo, Appcues, Optimizely, and Dynamic Yield publicly charge for mid-market plans?"
"Pendo renewal increases: 5–10% annually standard; some cases reported as high as 20%.","ProductFruits – ROI comparison","https://productfruits.com/blog/productfruits-vs-appcues-vs-pendo-roi#:~:text=5%20to%2010%25","R3","Q17","What do Pendo, Appcues, Optimizely, and Dynamic Yield publicly charge for mid-market plans?"
"Appcues median annual contract: $15,000. Range: $5,840–$44,200. Average negotiated discount: 21% off list price.","Vendr – Appcues marketplace (127 real purchases)","https://www.vendr.com/marketplace/appcues","R3","Q17","What do Pendo, Appcues, Optimizely, and Dynamic Yield publicly charge for mid-market plans?"
"Appcues at 10,000 MAUs: realistic Year 1 total $23,100–$40,000 (including seats, support, implementation).","UserTourKit – Real cost of Appcues","https://usertourkit.com/blog/real-cost-appcues-10000-mau-saas#:~:text=Year%201%20realistic%20total","R3","Q17","What do Pendo, Appcues, Optimizely, and Dynamic Yield publicly charge for mid-market plans?"
"LaunchDarkly Foundation plan: $10/service connection/month + $8.33 per 1,000 client-side MAUs/month (billed annually).","LaunchDarkly pricing page","https://launchdarkly.com/pricing/","R3","Q17","What do Pendo, Appcues, Optimizely, and Dynamic Yield publicly charge for mid-market plans?"
"Optimizely pricing: fully custom for all products. 'Customized pricing to your specific needs' — no public tiers.","Optimizely pricing page","https://www.optimizely.com/pricing/","R3","Q17","What do Pendo, Appcues, Optimizely, and Dynamic Yield publicly charge for mid-market plans?"
"AI-driven personalization can grow revenue by 25–35%.","Orbix Studio – AI Personalization in SaaS 2025","https://medium.com/@orbix.studiollc/ai-personalization-in-saas-2025-trends-implementation-guide-ac8d76119a65","R2","Q10","Is there research on the ROI of UX improvements on SaaS retention and activation?"
"Boosting activation rates by 25% can increase revenue by 34%.","AgileGrowthLabs – Activation benchmarks 2025","https://www.agilegrowthlabs.com/blog/user-activation-rate-benchmarks-2025/","R2","Q10","Is there research on the ROI of UX improvements on SaaS retention and activation?"
"Behavior-data-driven onboarding can improve retention by up to ~50%.","Medium – SaaS product development trends 2025","https://medium.com/@nayakkaushal.pm/top-saas-product-development-trends-to-watch-in-2025-983c9a3f18fa","R2","Q10","Is there research on the ROI of UX improvements on SaaS retention and activation?"
"Pendo Forrester TEI study: 396% ROI — $3.81M in benefits over 3 years on a $765K investment. Payback in under 6 months.","ProductFruits – ROI comparison","https://productfruits.com/blog/productfruits-vs-appcues-vs-pendo-roi#:~:text=396%25%20ROI","R3","Q18","What ROI metrics do SaaS companies use to justify UX tooling investments?"
"Appcues case study: 62% of users became active on a new feature vs. 2% in control group — a 22X lift.","ProductFruits – ROI comparison","https://productfruits.com/blog/productfruits-vs-appcues-vs-pendo-roi#:~:text=62%25%20became%20active%20users","R2","Q10","Is there research on the ROI of UX improvements on SaaS retention and activation?"
"Average SaaS activation rate in 2025 is 37.5%. AI/ML products lead at 54.8%. FinTech trails at 5%.","AgileGrowthLabs – Activation benchmarks 2025","https://www.agilegrowthlabs.com/blog/user-activation-rate-benchmarks-2025/","R2","Q10","Is there research on the ROI of UX improvements on SaaS retention and activation?"
"Engineers are 10x faster. Product managers haven't sped up at the same rate. Now they're the bottleneck.","Andrew Ng, via Lenny Rachitsky on X","https://x.com/lennysan/status/1943773031459172360","R1","Q1","What roles in SaaS organizations own UI iteration responsibility post-launch?"
"80% of features developed by software companies are rarely or never used.","Pendo internal data, cited across multiple industry sources","https://userpilot.com/blog/product-management-trends/#:~:text=80%25%20of%20features","R2","Q14","Do PMs discuss the frustration of long cycles between identifying a UX problem and fixing it?"
"Your engineers are making core decisions about your product functionality and interaction. For the end user, the product may feel cluttered and intimidating.","OpenView Partners – Startup team ratios","https://openviewpartners.com/blog/startup-team-ratio-product-management-ux-development/#:~:text=engineers%20are%20making%20core%20decisions","R1","Q1","What roles in SaaS organizations own UI iteration responsibility post-launch?"
"Average tech company ratio is 1:1:4 (PM:UX:Dev). Companies positioning UX as competitive advantage move toward equal representation.","OpenView Partners – Startup team ratios","https://openviewpartners.com/blog/startup-team-ratio-product-management-ux-development/","R1","Q3","What characterizes the Growth Designer or Product Designer role in mid-market SaaS?"
"In startups, a product designer might own the entire design process — UX, UI, and even product strategy — while in large enterprises they collaborate in specialized teams.","Medium / DesignMatch – Product designer in startups","https://medium.com/@designmatch/navigating-the-product-designer-job-description-in-startups-58bc9141e860#:~:text=own%20the%20entire%20design%20process","R1","Q1","What roles in SaaS organizations own UI iteration responsibility post-launch?"
"Product designers at SaaS companies are expected to work closely with Product and Engineering to ship features on time and help scale design systems.","UserPilot – Product designer job description","https://userpilot.com/blog/product-designer-job-description/#:~:text=work%20closely%20with%20Product%20and%20Engineering","R1","Q6","What do PM job descriptions say about UI optimization responsibility vs. Designer job descriptions?"
"LinkedIn Jobs reported 20% year-over-year growth in product designer demand in tech between 2024 and 2025.","Zippia – Product designer job trends 2025","https://www.zippia.com/product-designer-jobs/trends/#:~:text=20%25%20year-over-year","R1","Q3","What characterizes the Growth Designer or Product Designer role in mid-market SaaS?"
"Operators who deeply understand customers can now go from insight to deployed code without waiting on engineering capacity — iterating weekly instead of quarterly.","Reforge – Rise of the Operators","https://www.reforge.com/blog/the-rise-of-the-operators#:~:text=from%20insight%20to%20deployed%20code","R2","Q9","What is the average time between UX insight and production change?"
"Engineering capacity is finite. Every item added to the roadmap displaces something else — and engineering teams are already stretched thin, staring down a backlog that never gets shorter.","Vendasta – SaaS product roadmap","https://www.vendasta.com/blog/saas-product-roadmap/#:~:text=Engineering%20capacity%20is%20finite","R2","Q8","What is the documented cost of a UI change in a SaaS organization?"
"Customers are now asking us to slow down feature launches, frustrated that the UI seems to change every week.","Battery Ventures – PM role in the age of AI","https://www.battery.com/blog/the-role-of-a-product-manager-in-the-age-of-ai/#:~:text=slow%20down%20feature%20launches","R2","Q14","Do PMs discuss the frustration of long cycles between identifying a UX problem and fixing it?"
"Personalized CTAs alone lead to a 42% increase in conversions.","Multiple SaaS UX design trend sources 2025","https://millipixels.com/blog/saas-ux-design","R2","Q10","Is there research on the ROI of UX improvements on SaaS retention and activation?"
"It feels like a waste of engineering time for them to have to custom code a simple design addition, go through code review, and wait for it to go through our release process. I've tried alternatives such as Appcues or Pendo Guides but they don't really have the flexibility to embed.","Reddit r/ProductManagement – ""Faster way of iterating on in-app CTAs?""","https://www.reddit.com/r/ProductManagement/comments/l8uc3h/faster_way_of_iterating_on_inapp_ctas/","R2","Q15","What workarounds do PMs and designers use when they can't get engineering time for UI changes?"
"This might not be what you want to hear but I really fucking hate using Pendo. At least at my company. Issues off the top of my head: 1. There are many areas of the platform I can't tag (report iframes); 2. poor data quality.","Reddit r/ProductManagement – ""Any Pendo Users?"" (top comment)","https://www.reddit.com/r/ProductManagement/comments/18v7le8/any_pendo_users/","R2","Q13","What do users of Pendo, Appcues, and Optimizely complain about in reviews?"
"I've heard it can be quite difficult to set up and maintain (e.g. a lot of event tagging).","Reddit r/ProductManagement – ""Pendo for user onboarding and activation?""","https://www.reddit.com/r/ProductManagement/comments/18621ch/pendo_for_user_onboarding_and_activation/","R2","Q13","What do users of Pendo, Appcues, and Optimizely complain about in reviews?"
"One of Pendo's shortcomings is that you cannot get accurate data from it if people have installed ad blockers.","Reddit r/ProductManagement – ""Pendo for user onboarding and activation?"" (comment)","https://www.reddit.com/r/ProductManagement/comments/18621ch/pendo_for_user_onboarding_and_activation/","R2","Q13","What do users of Pendo, Appcues, and Optimizely complain about in reviews?"
"Most PMs don't own the product. We coordinate it. Engineers decide what's technically realistic. Designers shape the experience. Leadership decides the real priorities.","Reddit r/ProductManagement – ""PMs should stop pretending they own the product""","https://www.reddit.com/r/ProductManagement/comments/1tcquof/pms_should_stop_pretending_they_own_the_product/","R1","Q5","Do PMs or Designers describe UI ownership as shared or unclear?"
"They've gotten insanely expensive. I love the features: onboarding, tooltips, surveys, etc. But nobody should have to pay $500+/month for this stuff — my founders don't want to. (Update: we went with Hopscotch, starts at $99/mo.)","Reddit r/ProductManagement – ""Best alternatives to userflow and appcues?""","https://www.reddit.com/r/ProductManagement/comments/1p1tmxi/what_are_the_best_alternatives_to_userflow_and/","R3","Q21","Do PMs discuss their Pendo/Appcues pricing and whether it's worth it?"
"We did, loved it. Then corporate axed Pendo all together as it was too expensive for them.","Reddit r/ProductManagement – ""Pendo Listen?"" (top comment)","https://www.reddit.com/r/ProductManagement/comments/1l893hy/pendo_listen/","R3","Q21","Do PMs discuss their Pendo/Appcues pricing and whether it's worth it?"
"Their starter plan is $2k per quarter for 2k MAU but lacks basic integrations like Slack. How are you convincing your management to spend $30k for these tools?","Reddit r/ProductManagement – ""Pendo - Product Analytics and Engagement"" (early-stage B2B SaaS)","https://www.reddit.com/r/ProductManagement/comments/15y9qtx/pendo_product_analytics_and_engagement/","R3","Q17","What do Pendo, Appcues, Optimizely, and Dynamic Yield publicly charge for mid-market plans?"
"If you're just using those features, then Appcues or Webengage work well at a fraction of the price. Heap is like 24k a year while Mixpanel is ~1.2k a year.","Reddit r/ProductManagement – ""Replacing Pendo with..."" (top comments)","https://www.reddit.com/r/ProductManagement/comments/9f3ky2/replacing_pendo_with/","R3","Q23","Is there discussion about the cost of building UX personalization in-house vs. buying a tool?"
"The 'best alternative' depends entirely on whether that $500 a month actually moves the needle for you. If it saves your dev team from building and maintaining an internal onboarding system, or helps even one customer stick around, then it's already paying off.","Reddit r/ProductManagement – ""Best alternatives to userflow and appcues?"" (top comment)","https://www.reddit.com/r/ProductManagement/comments/1p1tmxi/what_are_the_best_alternatives_to_userflow_and/","R3","Q18","What ROI metrics do SaaS companies use to justify UX tooling investments?"
"You could build your own, but storage space and support aren't free. Eventually these AI companies charging below breakeven will raise their prices, and you've built your whole stack on a platform that can go away or become more expensive.","Reddit r/ProductManagement – ""Best alternatives to userflow and appcues?"" (top comment)","https://www.reddit.com/r/ProductManagement/comments/1p1tmxi/what_are_the_best_alternatives_to_userflow_and/","R3","Q23","Is there discussion about the cost of building UX personalization in-house vs. buying a tool?"
"80% of features in cloud software companies' products are rarely or never used (Pendo 2019 Feature Adoption Report).","Reddit r/ProductManagement – ""80% of features are rarely or never used""","https://www.reddit.com/r/ProductManagement/comments/14cps22/80_of_features_are_rarely_or_never_used/","R2","Q14","Do PMs discuss the frustration of long cycles between identifying a UX problem and fixing it?"
